-- phpMyAdmin SQL Dump
-- version 5.2.1
-- https://www.phpmyadmin.net/
--
-- Host: 127.0.0.1
-- Generation Time: Jan 31, 2024 at 10:02 AM
-- Server version: 10.4.28-MariaDB
-- PHP Version: 8.2.4

SET SQL_MODE = "NO_AUTO_VALUE_ON_ZERO";
START TRANSACTION;
SET time_zone = "+00:00";


/*!40101 SET @OLD_CHARACTER_SET_CLIENT=@@CHARACTER_SET_CLIENT */;
/*!40101 SET @OLD_CHARACTER_SET_RESULTS=@@CHARACTER_SET_RESULTS */;
/*!40101 SET @OLD_COLLATION_CONNECTION=@@COLLATION_CONNECTION */;
/*!40101 SET NAMES utf8mb4 */;

--
-- Database: `store`
--

-- --------------------------------------------------------

--
-- Table structure for table `feedback`
--

CREATE TABLE `feedback` (
  `id` int(11) NOT NULL,
  `name` varchar(30) DEFAULT NULL,
  `email` varchar(30) DEFAULT NULL,
  `feedbackMessage` varchar(100) DEFAULT NULL
) ENGINE=InnoDB DEFAULT CHARSET=utf8mb4 COLLATE=utf8mb4_general_ci;

--
-- Dumping data for table `feedback`
--

INSERT INTO `feedback` (`id`, `name`, `email`, `feedbackMessage`) VALUES
(7, 'Shaan', 'shaanbaidya@gmail.com', '1234'),
(8, 'Shaan', 'shaanbaidya@gmail.com', '12345'),
(9, 'Sudina', 'shaanbaidya@gmail.com', '12345676'),
(10, 'Shaan', 'shaanbaidya@gmail.com', 'Hello World ');

-- --------------------------------------------------------

--
-- Table structure for table `items`
--

CREATE TABLE `items` (
  `id` int(11) NOT NULL,
  `name` varchar(255) NOT NULL,
  `price` int(11) NOT NULL
) ENGINE=InnoDB DEFAULT CHARSET=latin1 COLLATE=latin1_swedish_ci;

--
-- Dumping data for table `items`
--

INSERT INTO `items` (`id`, `name`, `price`) VALUES
(1, 'Canon EOS', 36000),
(2, 'Nikon DSLR', 40000),
(3, 'Sony DSLR', 45000),
(4, 'Olympus DSLR', 50000),
(5, 'Titan Model #301', 13000),
(6, 'Titan Model #201', 3000),
(7, 'HMT Milan', 8000),
(8, 'Faber Luba #111', 18000),
(9, 'H&W', 800),
(10, 'Luis Phil', 1000),
(11, 'John Zok', 1500),
(12, 'Jhalsani', 1300);

-- --------------------------------------------------------

--
-- Table structure for table `users`
--

CREATE TABLE `users` (
  `id` int(11) NOT NULL,
  `name` varchar(255) NOT NULL,
  `email` varchar(255) NOT NULL,
  `password` varchar(255) NOT NULL,
  `contact` varchar(255) NOT NULL,
  `city` varchar(255) NOT NULL,
  `address` varchar(255) NOT NULL
) ENGINE=InnoDB DEFAULT CHARSET=latin1 COLLATE=latin1_swedish_ci;

--
-- Dumping data for table `users`
--

INSERT INTO `users` (`id`, `name`, `email`, `password`, `contact`, `city`, `address`) VALUES
(1, 'Vishwa', 'vish@gmail.com', '708175b3fdb269c4ebe8e7751bb3fccd', '9283746352', 'Bengaluru', 'JP Nagar 2nd Phase'),
(2, 'Vishal', 'vishal@gmail.com', '72eea11febe23ae3dcab2bf59794c54c', '9120394750', 'Chennai', 'T Nagar'),
(3, 'Ram', 'ram@gmail.com', '1b7b4c38f626766bbdcfc895e2c514f6', '9718273679', 'Delhi', 'PMO'),
(4, 'Raj', 'raj@gmail.com', '1537c1dea8479ff52bc68336e323385f', '9281736475', 'Bengaluru', 'Basavangudi'),
(5, 'Ravi', 'ravi@gmail.com', 'f4690de2554616f5b853d35f5a7970d4', '9182712098', 'Chennai', 'abc'),
(6, 'Vishwadutt', 'vishwadutt99@gmail.com', '8231ac09972b51e692a5f515f8349a29', '9741301718', 'Bengaluru', 'Jayanagar 3rd Block'),
(7, 'Shaan Baidya', 'shaanbaidya58@gmail.com', 'b3771e22e350f9adaee2e14a80b8fc76', '9849358305', 'Kathmandu', 'Ason, Ason');

-- --------------------------------------------------------

--
-- Table structure for table `user_item`
--

CREATE TABLE `user_item` (
  `id` int(11) NOT NULL,
  `user_id` int(11) NOT NULL,
  `item_id` int(11) NOT NULL,
  `status` enum('Added to cart','Confirmed','','') NOT NULL,
  `date_time` datetime NOT NULL DEFAULT current_timestamp()
) ENGINE=InnoDB DEFAULT CHARSET=latin1 COLLATE=latin1_swedish_ci;

--
-- Dumping data for table `user_item`
--

INSERT INTO `user_item` (`id`, `user_id`, `item_id`, `status`, `date_time`) VALUES
(1, 1, 2, 'Confirmed', '2020-06-07 21:08:35'),
(2, 1, 10, 'Confirmed', '2020-06-07 21:08:38'),
(3, 3, 7, 'Confirmed', '2020-06-07 21:09:06'),
(4, 3, 12, 'Confirmed', '2020-06-07 21:09:10'),
(5, 5, 5, 'Confirmed', '2020-06-07 21:22:01'),
(6, 5, 1, 'Confirmed', '2020-06-07 21:22:03'),
(7, 7, 7, 'Confirmed', '2024-01-28 17:29:40'),
(13, 7, 7, 'Added to cart', '2024-01-28 17:34:01');

--
-- Indexes for dumped tables
--

--
-- Indexes for table `feedback`
--
ALTER TABLE `feedback`
  ADD PRIMARY KEY (`id`);

--
-- Indexes for table `items`
--
ALTER TABLE `items`
  ADD PRIMARY KEY (`id`);

--
-- Indexes for table `users`
--
ALTER TABLE `users`
  ADD PRIMARY KEY (`id`);

--
-- Indexes for table `user_item`
--
ALTER TABLE `user_item`
  ADD PRIMARY KEY (`id`);

--
-- AUTO_INCREMENT for dumped tables
--

--
-- AUTO_INCREMENT for table `feedback`
--
ALTER TABLE `feedback`
  MODIFY `id` int(11) NOT NULL AUTO_INCREMENT, AUTO_INCREMENT=11;

--
-- AUTO_INCREMENT for table `items`
--
ALTER TABLE `items`
  MODIFY `id` int(11) NOT NULL AUTO_INCREMENT, AUTO_INCREMENT=13;

--
-- AUTO_INCREMENT for table `users`
--
ALTER TABLE `users`
  MODIFY `id` int(11) NOT NULL AUTO_INCREMENT, AUTO_INCREMENT=8;

--
-- AUTO_INCREMENT for table `user_item`
--
ALTER TABLE `user_item`
  MODIFY `id` int(11) NOT NULL AUTO_INCREMENT, AUTO_INCREMENT=14;
COMMIT;

/*!40101 SET CHARACTER_SET_CLIENT=@OLD_CHARACTER_SET_CLIENT */;
/*!40101 SET CHARACTER_SET_RESULTS=@OLD_CHARACTER_SET_RESULTS */;
/*!40101 SET COLLATION_CONNECTION=@OLD_COLLATION_CONNECTION */;
